{"data":[{"id":"1","nombre":"Popularidad","icono":"b1.png","imagen":"imgbg.jpg","temas":[{"id":"7","titulo":"EVOLUCI\u00d3N DE LA POPULARIDAD DEL PRESIDENTE DE LA REP\u00daBLICA","subtitulo":"\u00bfAprueba o desaprueba la labor que viene desarrollando Ollanta Humala como Presidente de la Rep\u00fablica?\r\n","info":"\u00cdndice de popularidad : - 63% \r\n\u00cdndice : (Aprueba ? Desaprueba)\r\nTotal 100%. Base: 1200 entrevistas\r\n","padre":null,"cant":"0","hijos":false,"sondeo":[{"id":"4","tema_id":"7","grafico_id":"2","titulo":"","data":" ,Aprueba,Desaprueba,Ns\/nc\r\n2013-10,30,63,7\r\n2013-11,35,60,5\r\n2013-12,31,61,8\r\n2014-01,31,64,5\r\n2014-02,39,56,5\r\n2014-03,24,71,5\r\n2014-04,28,67,5\r\n2014-05,28,67,5\r\n2014-06,25,68,7\r\n2014-07,24,70,6\r\n2014-08,32,64,4\r\n2014-09,30,65,5\r\n2014-10,33,61,6\r\n2014-11,33,62,5\r\n2014-12,32,64,4\r\n2015-01,28,67,5\r\n2015-02,28,67,5\r\n2015-03,28,67,5\r\n2015-04,27,67,6\r\n2015-05,28,67,5\r\n2015-06,14,82,4\r\n2015-07,18,77,5\r\n2015-08,23,73,4\r\n2015-09,18,78,4\r\n2015-10,17,80,3","subtitulo":"","info":"","tipo":"line"}]},{"id":"8","titulo":"APROBACI\u00d3N DE AUTORIDADES","subtitulo":"EVOLUCI\u00d3N DE LA APROBACI\u00d3N DE LA LABOR DEL PRESIDENTE DE LA REP\u00daBLICA\r\n","info":"\u00cdndice de popularidad : - 35% \r\n\u00cdndice : (Aprueba ? Desaprueba)\r\nTotal 100%. Base: 1200 entrevistas\r\n","padre":null,"cant":"0","hijos":false,"sondeo":[{"id":"5","tema_id":"8","grafico_id":"2","titulo":"","data":" ,Zona urbana,Zona rural\r\n2014-01,29,35\r\n2014-02,39,39\r\n2014-03,22,31\r\n2014-04,26,34\r\n2014-05,27,32\r\n2014-06,25,29\r\n2014-07,23,27\r\n2014-08,32,35\r\n2014-09,27,36\r\n2014-10,34,30\r\n2014-11,33,36\r\n2014-12,30,39\r\n2015-01,25,35\r\n2015-02,24,38\r\n2015-03,27,34\r\n2015-04,24,34\r\n2015-05,27,34\r\n2015-06,12,22\r\n2015-07,16,24\r\n2015-08,22,25\r\n2015-09,14,32\r\n2015-10,15,22","subtitulo":"","info":"","tipo":"line"}]},{"id":"9","titulo":"APROBACI\u00d3N DE AUTORIDADES","subtitulo":"EVOLUCI\u00d3N DE LA POPULARIDAD DE NADINE HEREDIA\r\n","info":"\u00cdndice de popularidad : - 70% \r\n\u00cdndice : (Aprueba ? Desaprueba)\r\nTotal 100%. Base: 1200 entrevistas\r\n","padre":null,"cant":"0","hijos":false,"sondeo":[{"id":"6","tema_id":"9","grafico_id":"2","titulo":"","data":" ,Aprueba,Desaprueba,Ns\/nc\r\n2013-10,42,52,6\r\n2013-11,47,47,6\r\n2013-12,42,49,9\r\n2014-01,40,54,6\r\n2014-02,41,52,7\r\n2014-03,24,69,7\r\n2014-04,30,63,7\r\n2014-05,30,63,7\r\n2014-06,27,66,7\r\n2014-07,30,62,8\r\n2014-08,32,63,5\r\n2014-09,31,61,8\r\n2014-10,36,57,7\r\n2014-11,35,59,6\r\n2014-12,33,61,6\r\n2015-01,30,63,7\r\n2015-02,31,62,7\r\n2015-03,29,66,5\r\n2015-04,29,65,6\r\n2015-05,30,65,5\r\n2015-06,12,82,6\r\n2015-07,15,79,6\r\n2015-08,18,76,6\r\n2015-09,16,79,5\r\n2015-10,13,83,4","subtitulo":"","info":"","tipo":"line"}]},{"id":"10","titulo":"APROBACI\u00d3N DE AUTORIDADES","subtitulo":"POPULARIDAD DE PRINCIPALES AUTORIDADES\r\n","info":"","padre":null,"cant":"3","hijos":true,"sondeo":[{"id":"7","tema_id":"10","grafico_id":"1","titulo":"","data":"","subtitulo":"","info":"","tipo":"pie"}]},{"id":"11","titulo":"Jakke Valakivi","subtitulo":"Ministro de Defensa\r\n","info":"\u00cdndice de popularidad : - 33% \r\n","padre":"10","cant":"0","hijos":false,"sondeo":[{"id":"8","tema_id":"11","grafico_id":"4","titulo":"","data":" ,Aprueba,Desaprueba,Ns\/nc\r\nOctubre 2015,10,43,47","subtitulo":"","info":"","tipo":"bar"}]},{"id":"12","titulo":"An\u00edbal Valdivia","subtitulo":"Ministro de Salud\r\n","info":"\u00cdndice de popularidad : - 28% \r\n","padre":"10","cant":"0","hijos":false,"sondeo":[{"id":"9","tema_id":"12","grafico_id":"4","titulo":"","data":" ,Aprueba,Desaprueba,Ns\/nc\r\nOctubre 2015,15,43,42","subtitulo":"","info":"","tipo":"bar"}]},{"id":"13","titulo":"Piero Ghezzi","subtitulo":"Ministro de la Producci\u00f3n\r\n","info":"\u00cdndice de popularidad : - 28% \r\n","padre":"10","cant":"0","hijos":false,"sondeo":[{"id":"10","tema_id":"13","grafico_id":"4","titulo":"","data":" ,Aprueba,Desaprueba,Ns\/nc\r\nOctubre 2015,12,40,48","subtitulo":"","info":"","tipo":"bar"}]}]},{"id":"2","nombre":"Coyuntura","icono":"b2.png","imagen":"imgbg.jpg","temas":[{"id":"14","titulo":"GOBIERNO","subtitulo":"\r\n","info":"","padre":null,"cant":"3","hijos":true,"sondeo":[{"id":"11","tema_id":"14","grafico_id":"1","titulo":"","data":"","subtitulo":"","info":"","tipo":"pie"}]},{"id":"15","titulo":"Residencia de la pareja presidencial","subtitulo":"Despu\u00e9s de finalizado su gobierno, \u00bfcree Ud. que la pareja presidencial (Ollanta Humala y Nadine Heredia) se quedar\u00e1 o no se quedar\u00e1 a vivir en el Per\u00fa?\r\n","info":"Total 100%\r\n Base: 1200 entrevistas\r\n","padre":"14","cant":"0","hijos":false,"sondeo":[{"id":"12","tema_id":"15","grafico_id":"1","titulo":"","data":" ,\r\nS\u00c3\u00ad se quedar\u00c3\u00a1,27\r\nNo se quedar\u00c3\u00a1,62\r\nNs\/nc,11","subtitulo":"","info":"","tipo":"pie"}]},{"id":"16","titulo":"Petroaudios como ?prueba il\u00edcita?","subtitulo":"El Poder Judicial ha declarado ?prueba il\u00edcita? los audios y grabaciones del caso Petroaudios por lo que no pueden ser utilizados como pruebas en la investigaci\u00f3n. En su opini\u00f3n, \u00bfest\u00e1 Ud. de acuerdo o en desacuerdo con la decisi\u00f3n del juez de declarar ?prueba il\u00edcita? a estos audios?\r\n","info":"","padre":"14","cant":"0","hijos":false,"sondeo":[{"id":"13","tema_id":"16","grafico_id":"1","titulo":"","data":" ,\r\nAcuerdo,23\r\nDesacuerdo,60\r\nNs\/nc,17","subtitulo":"","info":"","tipo":"pie"}]},{"id":"17","titulo":"Fuerzas Armadas a las calles","subtitulo":"\u00bfEst\u00e1 Ud. de acuerdo o en desacuerdo con que las Fuerzas Armadas salgan a las calles a apoyar a la Polic\u00eda Nacional en la seguridad ciudadana?\r\n","info":"Total 100%\r\n Base: 1200 entrevistas\r\n","padre":"14","cant":"0","hijos":false,"sondeo":[{"id":"14","tema_id":"17","grafico_id":"1","titulo":"","data":" ,\r\nAcuerdo,74\r\nDesacuerdo,23\r\nNs\/nc,3","subtitulo":"","info":"","tipo":"pie"}]}]},{"id":"3","nombre":"Tema de fondo","icono":"b3.png","imagen":"imgbg.jpg","temas":[{"id":"18","titulo":"AGENDAS ATRIBUIDAS A NADINE HEREDIA","subtitulo":"","info":"","padre":null,"cant":"1","hijos":true,"sondeo":[{"id":"15","tema_id":"18","grafico_id":"1","titulo":"","data":"","subtitulo":"","info":"","tipo":"pie"}]},{"id":"19","titulo":"Contenido de las agendas","subtitulo":"Por lo que sabe o ha escuchado, \u00bfqu\u00e9 es lo que contiene las agendas atribuidas a Nadine Heredia?\r\n","info":"Total M\u00faltiple\r\nBase: 1200 entrevistas\r\n","padre":"18","cant":"0","hijos":false,"sondeo":[{"id":"16","tema_id":"19","grafico_id":"3","titulo":"","data":"Actividades partidarias,16\r\nOtros,1\r\nNs\/nc,14","subtitulo":"","info":"","tipo":"stockbar"}]}]},{"id":"4","nombre":"Electoral","icono":"b4.png","imagen":"imgbg.jpg","temas":[{"id":"20","titulo":"Intenci\u00f3n de voto por candidato","subtitulo":"Supongamos que ma\u00f1ana se realizan las elecciones generales para elegir al pr\u00f3ximo Presidente de la Rep\u00fablica. D\u00edgame, \u00bfpor cu\u00e1l de los siguientes posibles candidatos votar\u00eda para elegir al Presidente de la Rep\u00fablica?\r\n","info":"","padre":null,"cant":"0","hijos":false,"sondeo":[{"id":"17","tema_id":"20","grafico_id":"3","titulo":"","data":" ,\r\nKeiko Fujimori,37\r\nPedro P. Kuczynski,18\r\nAlan Garc\u00c3\u00ada,8\r\nAlejandro Toledo,5\r\nC\u00c3\u00a9sar Acu\u00c3\u00b1a,4\r\nDaniel Urresti,3\r\nHumberto Lay Sun,1\r\nGregorio Santos,1\r\nOtros,2\r\nBlanco\/viciado,13\r\nNs\/nc,8","subtitulo":"","info":"","tipo":"stockbar"}]},{"id":"21","titulo":"Sensaci\u00f3n de ganador","subtitulo":"Tratando de ser objetivos y sin considerar su preferencia por alg\u00fan candidato, \u00bfcu\u00e1l de los siguientes posibles candidatos ganar\u00e1 las elecciones y ser\u00e1 el pr\u00f3ximo Presidente de la Rep\u00fablica?\r\n","info":"","padre":null,"cant":"0","hijos":false,"sondeo":[{"id":"18","tema_id":"21","grafico_id":"3","titulo":"","data":" ,\r\nKeiko Fujimori,46\r\nPedro P. Kuczynski,13\r\nAlan Garc\u00c3\u00ada,11\r\nAlejandro Toledo,3\r\nC\u00c3\u00a9sar Acu\u00c3\u00b1a,2\r\nDaniel Urresti,1\r\nOtros,3\r\nNs\/nc,21","subtitulo":"","info":"","tipo":"stockbar"}]}]},{"id":"5","nombre":"Econom\u00eda","icono":"b5.png","imagen":"imgbg.jpg","temas":null}]}