{
	"data":[
		{
			"id":1,
			"nombre":"Popularidad",
			"icono":"b1.png",
			"imagen":"imgbg.jpg",
			"temas":[
				{
					"id":1,
					"titulo":"Aprobación de Ollanta Humala"
				},
				{
					"id":2,
					"titulo":"Aprobación de Nadine Heredia",
					"temas":[
						{
							"id":3,
							"titulo":"Comparativo con la Aprobación Presidencial",
							"temas":[
								{
									"id":8,
									"titulo":"prueba nivel",
									"temas":[
										{
											"id":9,
											"titulo":"nuevo nivel"
										}

									]
								}
							]
						}
					]
				},{
					"id":5,
					"titulo":"Aprobación de la Gestión de los Ministros",
					"temas":[
						{
							"id":6,
							"titulo":"Aprobación de Pedro Cateriano"
						},
						{
							"id":7,
							"titulo":"Aprobación de Alonso Segura"
						}
					]
				}
			]
		},
		{
			"id":2,
			"nombre":"Coyuntura",
			"icono":"b2.png",
			"imagen":"imgbg.jpg"
		},
		{
			"id":3,
			"nombre":"Tema de fondo",
			"icono":"b3.png",
			"imagen":"imgbg.jpg"
		},
		{
			"id":4,
			"nombre":"Electoral",
			"icono":"b4.png",
			"imagen":"imgbg.jpg"
		},
		{
			"id":5,
			"nombre":"Economía",
			"icono":"b5.png",
			"imagen":"imgbg.jpg"
		}
	]
}